segment_id,from_node,to_node,distance_nm,minimum_speed_knots,maximum_speed_knots,draft_limit_m,route_restriction,transit_cost_usd,notes
SEG-SGSIN-MALACCA,WP-SGSIN,WP-MALACCA,310.00,8.0,18.0,,TSS_COMPLIANCE,0.00,Singapore Strait into Malacca TSS
SEG-MALACCA-SGSIN,WP-MALACCA,WP-SGSIN,310.00,8.0,18.0,,TSS_COMPLIANCE,0.00,Malacca TSS return to Singapore
SEG-MALACCA-INDIAN,WP-MALACCA,WP-INDIAN-OCEAN,1280.00,10.0,22.0,,,0.00,Andaman Sea to Sri Lanka
SEG-INDIAN-MALACCA,WP-INDIAN-OCEAN,WP-MALACCA,1280.00,10.0,22.0,,,0.00,Sri Lanka to Malacca entrance
SEG-INDIAN-INBOM,WP-INDIAN-OCEAN,WP-INBOM,920.93,9.0,20.0,,,0.00,Approach northward to Mumbai
SEG-INBOM-INDIAN,WP-INBOM,WP-INDIAN-OCEAN,920.93,9.0,20.0,,,0.00,Mumbai southbound to Sri Lanka
SEG-INBOM-ARABIAN,WP-INBOM,WP-ARABIAN-SEA,580.00,9.0,20.0,,,0.00,Mumbai westbound departure
SEG-ARABIAN-INBOM,WP-ARABIAN-SEA,WP-INBOM,580.00,9.0,20.0,,,0.00,Arabian Sea approach to Mumbai
SEG-ARABIAN-HORMUZ,WP-ARABIAN-SEA,WP-HORMUZ,480.00,9.0,20.0,,TSS_COMPLIANCE,0.00,Gulf of Oman into Hormuz
SEG-HORMUZ-ARABIAN,WP-HORMUZ,WP-ARABIAN-SEA,480.00,9.0,20.0,,TSS_COMPLIANCE,0.00,Hormuz exit into Gulf of Oman
SEG-HORMUZ-AEDXB,WP-HORMUZ,WP-AEDXB,109.20,8.0,16.0,,CONGESTED_STRAIT,0.00,Approach to Jebel Ali
SEG-AEDXB-HORMUZ,WP-AEDXB,WP-HORMUZ,109.20,8.0,16.0,,CONGESTED_STRAIT,0.00,Jebel Ali departure to Hormuz
SEG-INDIAN-ARABIAN,WP-INDIAN-OCEAN,WP-ARABIAN-SEA,1322.86,10.0,22.0,,,0.00,Sri Lanka to Arabian Sea junction
SEG-ARABIAN-INDIAN,WP-ARABIAN-SEA,WP-INDIAN-OCEAN,1322.86,10.0,22.0,,,0.00,Arabian Sea to Sri Lanka
SEG-ARABIAN-GULF-ADEN,WP-ARABIAN-SEA,WP-GULF-ADEN,1200.00,10.0,22.0,,HRA_SECURITY,0.00,Arabian Sea into Gulf of Aden IRTC
SEG-GULF-ADEN-ARABIAN,WP-GULF-ADEN,WP-ARABIAN-SEA,1200.00,10.0,22.0,,HRA_SECURITY,0.00,Gulf of Aden into Arabian Sea
SEG-HORMUZ-GULF-ADEN,WP-HORMUZ,WP-GULF-ADEN,1570.99,10.0,22.0,,HRA_SECURITY,0.00,Strait of Hormuz to Gulf of Aden IRTC
SEG-GULF-ADEN-HORMUZ,WP-GULF-ADEN,WP-HORMUZ,1570.99,10.0,22.0,,HRA_SECURITY,0.00,Gulf of Aden to Strait of Hormuz
SEG-INDIAN-GULF-ADEN,WP-INDIAN-OCEAN,WP-GULF-ADEN,2192.74,10.0,22.0,,HRA_SECURITY,0.00,Direct Sri Lanka to Gulf of Aden
SEG-GULF-ADEN-INDIAN,WP-GULF-ADEN,WP-INDIAN-OCEAN,2192.74,10.0,22.0,,HRA_SECURITY,0.00,Direct Gulf of Aden to Sri Lanka
SEG-GULF-ADEN-MANDAB,WP-GULF-ADEN,WP-BAB-MANDAB,120.00,8.0,18.0,,CONGESTED_STRAIT,0.00,Approach to Bab-el-Mandeb
SEG-MANDAB-GULF-ADEN,WP-BAB-MANDAB,WP-GULF-ADEN,120.00,8.0,18.0,,CONGESTED_STRAIT,0.00,Exit into Gulf of Aden
SEG-MANDAB-RED-SEA,WP-BAB-MANDAB,WP-RED-SEA,450.00,8.0,20.0,,,0.00,Southern Red Sea northbound
SEG-RED-SEA-MANDAB,WP-RED-SEA,WP-BAB-MANDAB,450.00,8.0,20.0,,,0.00,Southern Red Sea southbound
SEG-RED-SEA-SUEZ,WP-RED-SEA,WP-SUEZ-SOUTH,750.00,8.0,20.0,,,0.00,Gulf of Suez approach to canal
SEG-SUEZ-RED-SEA,WP-SUEZ-SOUTH,WP-RED-SEA,750.00,8.0,20.0,,,0.00,Canal exit into Red Sea
SEG-SUEZ-TRANSIT-NB,WP-SUEZ-SOUTH,WP-SUEZ-NORTH,103.00,7.0,11.0,16.0,CANAL_TRANSIT,350000.00,Suez Canal northbound transit; draft 16m; toll $350k
SEG-SUEZ-TRANSIT-SB,WP-SUEZ-NORTH,WP-SUEZ-SOUTH,103.00,7.0,11.0,16.0,CANAL_TRANSIT,350000.00,Suez Canal southbound transit; draft 16m; toll $350k
SEG-SUEZ-MED,WP-SUEZ-NORTH,WP-MED-SEA,600.00,10.0,22.0,,,0.00,Port Said into central Mediterranean
SEG-MED-SUEZ,WP-MED-SEA,WP-SUEZ-NORTH,600.00,10.0,22.0,,,0.00,Central Mediterranean eastbound to Port Said
SEG-MED-GIBRALTAR,WP-MED-SEA,WP-GIBRALTAR,1100.00,10.0,22.0,,,0.00,Western Mediterranean to Gibraltar
SEG-GIBRALTAR-MED,WP-GIBRALTAR,WP-MED-SEA,1100.00,10.0,22.0,,,0.00,Gibraltar into Mediterranean
SEG-GIBRALTAR-CHANNEL,WP-GIBRALTAR,WP-ENGLISH-CHANNEL,1089.01,9.0,22.0,,ECA_EMISSION_CONTROL,0.00,Iberian Atlantic to English Channel
SEG-CHANNEL-GIBRALTAR,WP-ENGLISH-CHANNEL,WP-GIBRALTAR,1089.01,9.0,22.0,,ECA_EMISSION_CONTROL,0.00,English Channel south to Gibraltar
SEG-CHANNEL-NLRTM,WP-ENGLISH-CHANNEL,WP-NLRTM,370.00,8.0,18.0,,ECA_EMISSION_CONTROL,0.00,Dover Strait to Rotterdam
SEG-NLRTM-CHANNEL,WP-NLRTM,WP-ENGLISH-CHANNEL,370.00,8.0,18.0,,ECA_EMISSION_CONTROL,0.00,Rotterdam to English Channel
SEG-CHANNEL-USNYC,WP-ENGLISH-CHANNEL,WP-USNYC,2936.20,10.0,24.0,,ECA_EMISSION_CONTROL,0.00,English Channel to New York
SEG-USNYC-CHANNEL,WP-USNYC,WP-ENGLISH-CHANNEL,2936.20,10.0,24.0,,ECA_EMISSION_CONTROL,0.00,New York to English Channel
SEG-GIBRALTAR-USNYC,WP-GIBRALTAR,WP-USNYC,3278.68,10.0,24.0,,,0.00,Gibraltar to New York transatlantic
SEG-USNYC-GIBRALTAR,WP-USNYC,WP-GIBRALTAR,3278.68,10.0,24.0,,,0.00,New York to Gibraltar transatlantic
SEG-INDIAN-CAPE,WP-INDIAN-OCEAN,WP-CAPE,4200.00,10.0,22.0,,,0.00,Sri Lanka to Cape of Good Hope
SEG-CAPE-INDIAN,WP-CAPE,WP-INDIAN-OCEAN,4200.00,10.0,22.0,,,0.00,Cape eastbound to Sri Lanka
SEG-CAPE-MID-ATL,WP-CAPE,WP-MID-ATLANTIC,2800.00,10.0,22.0,,,0.00,Cape to Equatorial Atlantic
SEG-MID-ATL-CAPE,WP-MID-ATLANTIC,WP-CAPE,2800.00,10.0,22.0,,,0.00,Equatorial Atlantic to Cape
SEG-MID-ATL-CHANNEL,WP-MID-ATLANTIC,WP-ENGLISH-CHANNEL,2760.00,10.0,22.0,,ECA_EMISSION_CONTROL,0.00,Equatorial Atlantic to English Channel
SEG-CHANNEL-MID-ATL,WP-ENGLISH-CHANNEL,WP-MID-ATLANTIC,2760.00,10.0,22.0,,ECA_EMISSION_CONTROL,0.00,English Channel to Equatorial Atlantic
