route_id,name,origin_port_id,destination_port_id,route_type,segment_ids,disclaimer
RT-SGSIN-NLRTM,Singapore to Rotterdam via Suez Canal,SGSIN,NLRTM,canal_transit,"SEG-SGSIN-MALACCA,SEG-MALACCA-INDIAN,SEG-INDIAN-GULF-ADEN,SEG-GULF-ADEN-MANDAB,SEG-MANDAB-RED-SEA,SEG-RED-SEA-SUEZ,SEG-SUEZ-TRANSIT-NB,SEG-SUEZ-MED,SEG-MED-GIBRALTAR,SEG-GIBRALTAR-CHANNEL,SEG-CHANNEL-NLRTM",CANONICAL MULTI-SEGMENT MARITIME NETWORK
RT-SGSIN-NLRTM-CAPE,Singapore to Rotterdam via Cape of Good Hope,SGSIN,NLRTM,open_ocean,"SEG-SGSIN-MALACCA,SEG-MALACCA-INDIAN,SEG-INDIAN-CAPE,SEG-CAPE-MID-ATL,SEG-MID-ATL-CHANNEL,SEG-CHANNEL-NLRTM",CANONICAL MULTI-SEGMENT MARITIME NETWORK
RT-NLRTM-SGSIN,Rotterdam to Singapore via Suez Canal,NLRTM,SGSIN,canal_transit,"SEG-NLRTM-CHANNEL,SEG-CHANNEL-GIBRALTAR,SEG-GIBRALTAR-MED,SEG-MED-SUEZ,SEG-SUEZ-TRANSIT-SB,SEG-SUEZ-RED-SEA,SEG-RED-SEA-MANDAB,SEG-MANDAB-GULF-ADEN,SEG-GULF-ADEN-INDIAN,SEG-INDIAN-MALACCA,SEG-MALACCA-SGSIN",CANONICAL MULTI-SEGMENT MARITIME NETWORK
RT-NLRTM-SGSIN-CAPE,Rotterdam to Singapore via Cape of Good Hope,NLRTM,SGSIN,open_ocean,"SEG-NLRTM-CHANNEL,SEG-CHANNEL-MID-ATL,SEG-MID-ATL-CAPE,SEG-CAPE-INDIAN,SEG-INDIAN-MALACCA,SEG-MALACCA-SGSIN",CANONICAL MULTI-SEGMENT MARITIME NETWORK
RT-INBOM-NLRTM,Mumbai to Rotterdam via Suez Canal,INBOM,NLRTM,canal_transit,"SEG-INBOM-ARABIAN,SEG-ARABIAN-GULF-ADEN,SEG-GULF-ADEN-MANDAB,SEG-MANDAB-RED-SEA,SEG-RED-SEA-SUEZ,SEG-SUEZ-TRANSIT-NB,SEG-SUEZ-MED,SEG-MED-GIBRALTAR,SEG-GIBRALTAR-CHANNEL,SEG-CHANNEL-NLRTM",CANONICAL MULTI-SEGMENT MARITIME NETWORK
RT-NLRTM-INBOM,Rotterdam to Mumbai via Suez Canal,NLRTM,INBOM,canal_transit,"SEG-NLRTM-CHANNEL,SEG-CHANNEL-GIBRALTAR,SEG-GIBRALTAR-MED,SEG-MED-SUEZ,SEG-SUEZ-TRANSIT-SB,SEG-SUEZ-RED-SEA,SEG-RED-SEA-MANDAB,SEG-MANDAB-GULF-ADEN,SEG-GULF-ADEN-ARABIAN,SEG-ARABIAN-INBOM",CANONICAL MULTI-SEGMENT MARITIME NETWORK
RT-INBOM-SGSIN,Mumbai to Singapore via Malacca Strait,INBOM,SGSIN,open_ocean,"SEG-INBOM-INDIAN,SEG-INDIAN-MALACCA,SEG-MALACCA-SGSIN",CANONICAL MULTI-SEGMENT MARITIME NETWORK
RT-SGSIN-INBOM,Singapore to Mumbai via Malacca Strait,SGSIN,INBOM,open_ocean,"SEG-SGSIN-MALACCA,SEG-MALACCA-INDIAN,SEG-INDIAN-INBOM",CANONICAL MULTI-SEGMENT MARITIME NETWORK
RT-INBOM-AEDXB,Mumbai to Jebel Ali (Dubai) via Hormuz,INBOM,AEDXB,open_ocean,"SEG-INBOM-ARABIAN,SEG-ARABIAN-HORMUZ,SEG-HORMUZ-AEDXB",CANONICAL MULTI-SEGMENT MARITIME NETWORK
RT-AEDXB-INBOM,Jebel Ali (Dubai) to Mumbai via Hormuz,AEDXB,INBOM,open_ocean,"SEG-AEDXB-HORMUZ,SEG-HORMUZ-ARABIAN,SEG-ARABIAN-INBOM",CANONICAL MULTI-SEGMENT MARITIME NETWORK
RT-AEDXB-NLRTM,Jebel Ali to Rotterdam via Suez Canal,AEDXB,NLRTM,canal_transit,"SEG-AEDXB-HORMUZ,SEG-HORMUZ-GULF-ADEN,SEG-GULF-ADEN-MANDAB,SEG-MANDAB-RED-SEA,SEG-RED-SEA-SUEZ,SEG-SUEZ-TRANSIT-NB,SEG-SUEZ-MED,SEG-MED-GIBRALTAR,SEG-GIBRALTAR-CHANNEL,SEG-CHANNEL-NLRTM",CANONICAL MULTI-SEGMENT MARITIME NETWORK
RT-NLRTM-AEDXB,Rotterdam to Jebel Ali via Suez Canal,NLRTM,AEDXB,canal_transit,"SEG-NLRTM-CHANNEL,SEG-CHANNEL-GIBRALTAR,SEG-GIBRALTAR-MED,SEG-MED-SUEZ,SEG-SUEZ-TRANSIT-SB,SEG-SUEZ-RED-SEA,SEG-RED-SEA-MANDAB,SEG-MANDAB-GULF-ADEN,SEG-GULF-ADEN-HORMUZ,SEG-HORMUZ-AEDXB",CANONICAL MULTI-SEGMENT MARITIME NETWORK
RT-SGSIN-AEDXB,Singapore to Jebel Ali via Hormuz,SGSIN,AEDXB,open_ocean,"SEG-SGSIN-MALACCA,SEG-MALACCA-INDIAN,SEG-INDIAN-ARABIAN,SEG-ARABIAN-HORMUZ,SEG-HORMUZ-AEDXB",CANONICAL MULTI-SEGMENT MARITIME NETWORK
RT-AEDXB-SGSIN,Jebel Ali to Singapore via Hormuz,AEDXB,SGSIN,open_ocean,"SEG-AEDXB-HORMUZ,SEG-HORMUZ-ARABIAN,SEG-ARABIAN-INDIAN,SEG-INDIAN-MALACCA,SEG-MALACCA-SGSIN",CANONICAL MULTI-SEGMENT MARITIME NETWORK
RT-NLRTM-USNYC,Rotterdam to New York Transatlantic,NLRTM,USNYC,open_ocean,"SEG-NLRTM-CHANNEL,SEG-CHANNEL-USNYC",CANONICAL MULTI-SEGMENT MARITIME NETWORK
RT-USNYC-NLRTM,New York to Rotterdam Transatlantic,USNYC,NLRTM,open_ocean,"SEG-USNYC-CHANNEL,SEG-CHANNEL-NLRTM",CANONICAL MULTI-SEGMENT MARITIME NETWORK
RT-INBOM-USNYC,Mumbai to New York via Suez & Gibraltar,INBOM,USNYC,canal_transit,"SEG-INBOM-ARABIAN,SEG-ARABIAN-GULF-ADEN,SEG-GULF-ADEN-MANDAB,SEG-MANDAB-RED-SEA,SEG-RED-SEA-SUEZ,SEG-SUEZ-TRANSIT-NB,SEG-SUEZ-MED,SEG-MED-GIBRALTAR,SEG-GIBRALTAR-USNYC",CANONICAL MULTI-SEGMENT MARITIME NETWORK
RT-USNYC-INBOM,New York to Mumbai via Gibraltar & Suez,USNYC,INBOM,canal_transit,"SEG-USNYC-GIBRALTAR,SEG-GIBRALTAR-MED,SEG-MED-SUEZ,SEG-SUEZ-TRANSIT-SB,SEG-SUEZ-RED-SEA,SEG-RED-SEA-MANDAB,SEG-MANDAB-GULF-ADEN,SEG-GULF-ADEN-ARABIAN,SEG-ARABIAN-INBOM",CANONICAL MULTI-SEGMENT MARITIME NETWORK
RT-SGSIN-USNYC,Singapore to New York via Suez & Gibraltar,SGSIN,USNYC,canal_transit,"SEG-SGSIN-MALACCA,SEG-MALACCA-INDIAN,SEG-INDIAN-GULF-ADEN,SEG-GULF-ADEN-MANDAB,SEG-MANDAB-RED-SEA,SEG-RED-SEA-SUEZ,SEG-SUEZ-TRANSIT-NB,SEG-SUEZ-MED,SEG-MED-GIBRALTAR,SEG-GIBRALTAR-USNYC",CANONICAL MULTI-SEGMENT MARITIME NETWORK
RT-USNYC-SGSIN,New York to Singapore via Gibraltar & Suez,USNYC,SGSIN,canal_transit,"SEG-USNYC-GIBRALTAR,SEG-GIBRALTAR-MED,SEG-MED-SUEZ,SEG-SUEZ-TRANSIT-SB,SEG-SUEZ-RED-SEA,SEG-RED-SEA-MANDAB,SEG-MANDAB-GULF-ADEN,SEG-GULF-ADEN-INDIAN,SEG-INDIAN-MALACCA,SEG-MALACCA-SGSIN",CANONICAL MULTI-SEGMENT MARITIME NETWORK
RT-AEDXB-USNYC,Jebel Ali to New York via Suez & Gibraltar,AEDXB,USNYC,canal_transit,"SEG-AEDXB-HORMUZ,SEG-HORMUZ-GULF-ADEN,SEG-GULF-ADEN-MANDAB,SEG-MANDAB-RED-SEA,SEG-RED-SEA-SUEZ,SEG-SUEZ-TRANSIT-NB,SEG-SUEZ-MED,SEG-MED-GIBRALTAR,SEG-GIBRALTAR-USNYC",CANONICAL MULTI-SEGMENT MARITIME NETWORK
RT-USNYC-AEDXB,New York to Jebel Ali via Gibraltar & Suez,USNYC,AEDXB,canal_transit,"SEG-USNYC-GIBRALTAR,SEG-GIBRALTAR-MED,SEG-MED-SUEZ,SEG-SUEZ-TRANSIT-SB,SEG-SUEZ-RED-SEA,SEG-RED-SEA-MANDAB,SEG-MANDAB-GULF-ADEN,SEG-GULF-ADEN-HORMUZ,SEG-HORMUZ-AEDXB",CANONICAL MULTI-SEGMENT MARITIME NETWORK
